Model,Recall,F1,AUC,FNR,FPR,TN,FP,FN,TP
GAT,0.5446406968303895,0.20884167555782346,0.7882372923075878,0.45535930316961043,0.13312568545733713,98802,15173,1882,2251
