Model,Recall,F1,AUC,FNR,FPR,TN,FP,FN,TP
GCN,0.6675538349866925,0.19350540047692524,0.814801834399929,0.33244616501330754,0.18972581706514585,92351,21624,1374,2759
