Model,Recall,F1,AUC,FNR,FPR,TN,FP,FN,TP
GraphSAGE,0.7299782240503266,0.22335739404034796,0.8576102329502795,0.27002177594967336,0.17429260802807633,94110,19865,1116,3017
