Model,Recall,F1,AUC,FNR,FPR,TN,FP,FN,TP
Logistic Regression,0.7369949189450762,0.23707970112079702,0.8640801891611485,0.26300508105492376,0.16246545295020837,95458,18517,1087,3046
