Model,Recall,F1,AUC,FNR,FPR,TN,FP,FN,TP
Random Forest,0.7384466489233003,0.2974368969885976,0.8849650704341663,0.26155335107669975,0.11701688966878701,100638,13337,1081,3052
