Model,Recall,F1,AUC,FNR,FPR,TN,FP,FN,TP
SVM,0.22550205661746914,0.349129050383967,0.8626569758003076,0.7744979433825309,0.002404035972801053,113701,274,3201,932
