Model,Recall,F1,AUC,FNR,FPR,TN,FP,FN,TP
XGBoost,0.817565932736511,0.3818294818916323,0.9373926390380136,0.18243406726348899,0.08937924983549024,103788,10187,754,3379
